step,base-maxreward,naive-maxreward,envinformed-maxreward,diverse1-maxreward,diverse2-maxreward,base-logq,naive-logq,envinformed-logq,diverse1-logq,diverse2-logq,base-numskills,naive-numskills,envinformed-numskills,diverse1-numskills,diverse2-numskills
1,9.415097243,10.79107095,9.090000787,9.090000787,4.215712467,0,0,0,0,0,15,2,2,2,2
2,12.92763553,12.27444907,10.07430236,10.07430236,6.59980949,0,0,0,0,0,15,2,2,2,2
3,12.92763553,12.27444907,10.07430236,10.07430236,37.17469758,0,0,0,0,0,15,2,2,2,2
4,12.92763553,12.27444907,10.07430236,10.07430236,37.55875605,0,0,0,0,0,15,2,2,2,2
5,12.92763553,12.27444907,10.07430236,10.07430236,37.55875605,0,0,0,0,0,15,2,2,2,2
6,12.92763553,13.51784423,11.1963285,11.1963285,37.55875605,0,0,0,0,0,15,2,2,2,2
7,12.92763553,13.51784423,11.50169566,11.50169566,38.95838168,0,0,0,0,-0.1136162,15,2,2,2,2
8,12.92763553,13.51784423,11.50169566,11.50169566,38.95838168,0,0,0,0,-0.1175925,15,2,2,2,2
9,12.92763553,13.51784423,11.50169566,11.50169566,38.95838168,0,0,0,0,-0.1177030667,15,2,2,2,2
10,15.05317467,13.51784423,11.50169566,11.50169566,38.95838168,0,0,0,0,-0.1173827,15,2,2,2,2
11,15.05317467,13.51784423,12.8278777,12.8278777,38.99431518,0,0,0,0,-0.1171197333,15,2,2,2,2
12,15.49009927,13.51784423,12.8278777,12.8278777,38.99431518,0,0,0,0,-0.1169331333,15,2,2,2,2
13,15.49009927,13.51784423,12.8278777,12.8278777,38.99431518,0,0,0,0,-0.1166801,15,2,2,2,2
14,16.2179435,13.51784423,12.8278777,12.8278777,38.99431518,-0.4835639667,0,0,0,-0.1165179,15,2,2,2,2
15,16.2179435,13.51784423,12.8278777,12.8278777,38.99431518,-0.4846322667,0,0,0,-0.1163986,15,2,2,2,2
16,16.2179435,13.51784423,12.8278777,12.8278777,42.26745754,-0.4850361333,0,0,0,-0.1164600333,15,2,2,2,2
17,16.2179435,13.51784423,12.8278777,12.8278777,42.26745754,-0.4857901333,0,0,0,-0.1165139667,15,2,2,2,2
18,16.2179435,13.51784423,12.8278777,12.8278777,42.26745754,-0.4857812333,-0.3625546667,-0.3655411,-0.3655411,-0.1164929667,15,2,2,2,2
19,16.2179435,14.7344847,16.38305507,16.38305507,42.26745754,-1.094538233,-0.3615912333,-0.3646114333,-0.3646114333,-0.1165466,15,2,2,2,2
20,16.2179435,14.7344847,16.38305507,16.38305507,42.26745754,-1.095732967,-0.3595077667,-0.3623266333,-0.3623266333,-0.1166383333,15,2,2,2,2
21,16.2179435,14.7344847,16.38305507,16.38305507,42.26745754,-1.0955895,-0.3573341,-0.3599653,-0.3599653,-0.1166775667,15,2,2,2,2
22,16.2179435,14.7344847,16.38305507,16.38305507,42.26745754,-1.094798733,-0.3552264333,-0.3576353333,-0.3576353333,-0.1166951667,15,2,2,2,2
23,16.2179435,14.8370301,16.38305507,16.38305507,42.26745754,-1.094008133,-0.7002273667,-1.255275067,-1.255275067,-0.1166788,15,2,2,2,2
24,27.26763377,14.8370301,16.38305507,16.38305507,42.26745754,-1.0919193,-1.394729133,-1.2487359,-1.2487359,-0.1166904667,15,2,2,2,2
25,28.58602333,14.8370301,20.62301447,20.62301447,42.26745754,-1.0891619,-1.386437033,-1.241315,-1.241315,-0.1166445,15,2,2,2,2
26,37.871322,18.646176,20.62301447,20.62301447,42.26745754,-2.1272361,-1.377576867,-1.233647933,-1.233647933,-0.1165556,15,2,2,2,2
27,37.871322,18.646176,20.62301447,20.62301447,42.26745754,-2.1218763,-1.368679833,-1.2260324,-1.2260324,-0.1164328667,15,2,2,2,2
28,37.871322,18.646176,20.62301447,20.62301447,42.26745754,-2.116062967,-1.3596692,-1.218383833,-1.218383833,-0.2723670667,15,2,2,2,2
29,37.871322,18.646176,21.58066687,21.58066687,45.87904028,-2.109694367,-1.3506092,-1.210752367,-1.210752367,-0.2734582,15,2,2,2,2
30,37.871322,34.7908217,21.58066687,21.58066687,45.87904028,-2.103183233,-1.3414321,-1.203060367,-1.203060367,-0.2734845,15,2,2,2,2
31,37.871322,34.7908217,21.58066687,21.58066687,45.87904028,-2.0969367,-1.332587233,-1.195387767,-1.195387933,-0.2733882667,15,2,2.333333333,2,2
32,37.871322,34.7908217,21.58066687,21.58066687,45.87904028,-2.090808967,-1.323668367,-1.1881263,-1.1876799,-0.3851537333,15,2,2.333333333,2.333333333,2
33,37.871322,34.7908217,32.91281447,32.91281447,51.80421943,-2.084984867,-1.314806867,-1.181334233,-1.180059233,-0.3866516,15,2,2.333333333,2.333333333,2
34,37.871322,34.7908217,32.91281447,32.91281447,61.59379437,-2.078988733,-1.305914767,-1.174021867,-1.172323667,-0.3870667333,15,2,2.333333333,2.333333333,2
35,37.871322,34.7908217,32.91281447,32.91281447,61.59379437,-2.072679233,-1.2970593,-1.1665519,-1.1646257,-0.3871698,15,2,2.333333333,2.333333333,2
36,37.871322,34.7908217,32.91281447,32.91281447,61.59379437,-2.0664343,-1.2881435,-1.159063533,-1.1568816,-0.3874634333,15,2,2.333333333,2.333333333,2
37,37.871322,34.7908217,32.91281447,32.91281447,61.59379437,-2.060468433,-1.279277067,-1.151726133,-1.149677467,-0.3875959333,15,2,2.333333333,2.666666667,2
38,37.871322,34.7908217,32.91281447,32.91281447,73.96691373,-2.0544914,-1.2703751,-1.144419167,-1.142749733,-0.3874586333,15,2,2.333333333,2.666666667,2
39,37.871322,34.7908217,32.91281447,32.91281447,73.96691373,-2.048111367,-1.261997833,-1.1372016,-1.1357996,-0.3872075333,15,3,2.666666667,2.666666667,2
40,37.871322,34.7908217,32.91281447,32.91281447,73.96691373,-2.0426234,-1.255518767,-1.130843233,-1.129880733,-0.3867836333,15,3,2.666666667,2.666666667,2
41,40.48722523,34.7908217,32.91281447,32.91281447,73.96691373,-2.0376062,-1.248929567,-1.1245658,-1.123689067,-0.3863085,15,3,2.666666667,2.666666667,2
42,40.48722523,36.8750343,32.91281447,32.91281447,73.96691373,-2.0320848,-1.2420178,-1.118210833,-1.1173518,-0.3857055667,15,3,2.666666667,2.666666667,2
43,40.48722523,36.8750343,32.91281447,32.91281447,73.96691373,-2.027158133,-1.235123333,-1.1119501,-1.1111359,-0.3850328,15,3,2.666666667,3,2
44,40.48722523,36.8750343,32.91281447,33.78936703,73.96691373,-2.021845733,-1.228442633,-1.105800033,-1.105091033,-0.3844281333,15,3,2.666666667,3,2
45,40.48722523,36.8750343,32.91281447,33.78936703,73.96691373,-2.016353833,-1.221747533,-1.099604633,-1.0993998,-0.3837327,15,3,2.666666667,3,2
46,40.48722523,42.90627097,32.91281447,33.78936703,73.96691373,-2.010569567,-1.215064,-1.0935488,-1.093355867,-0.3829421333,15,3,2.666666667,3,2
47,40.48722523,43.4821402,32.91281447,36.4258709,87.96250893,-2.005162333,-1.208270833,-1.087450133,-1.0878477,-0.3820692667,15,3,2.666666667,3,2
48,40.48722523,43.4821402,32.91281447,36.4258709,87.96250893,-2.000202867,-1.201529733,-1.081384133,-1.082495833,-0.3812128,15,3,2.666666667,3,2
49,40.48722523,43.4821402,32.91281447,36.4258709,87.96250893,-1.9951821,-1.194846,-1.075435167,-1.076917767,-0.3803111,15,3,2.666666667,3,2
50,40.48722523,43.4821402,32.91281447,36.4258709,87.96250893,-1.990268633,-1.1881733,-1.069443567,-1.0713038,-0.3793628,15,3,2.666666667,3,2
51,40.48722523,43.4821402,32.91281447,36.4258709,87.96250893,-1.985389867,-1.1814719,-1.063378967,-1.065632367,-0.3784131667,15,3,2.666666667,3,2
52,42.16235543,43.4821402,32.91281447,43.0453167,87.96250893,-1.980442867,-1.174974367,-1.0574066,-1.060050167,-0.3775037333,15,3,2.666666667,3,2
53,42.16235543,43.4821402,32.91281447,43.0453167,95.17778247,-1.975477833,-1.168532033,-1.051300067,-1.0545723,-0.3765083,15,3,3,3,2
54,42.16235543,43.4821402,32.91281447,43.0453167,95.17778247,-1.9705768,-1.162129933,-1.045383533,-1.048995,-0.3755139,15,3,3,3,2
55,42.16235543,43.4821402,32.91281447,43.0453167,95.17778247,-1.9656459,-1.155752333,-1.039470867,-1.0434981,-0.3744517,15,3,3,3,2
56,42.16235543,43.4821402,32.91281447,43.0453167,95.17778247,-1.9606801,-1.149323067,-1.033547633,-1.038020633,-0.3733477667,15,3,3,3,2
57,42.16235543,43.4821402,32.91281447,43.0453167,95.3130097,-1.955541467,-1.142866267,-1.027549267,-1.032487933,-0.3721477333,15,3,3.333333333,3,2
58,42.16235543,43.4821402,32.91281447,43.0453167,95.3130097,-1.950167567,-1.136493267,-1.021550767,-1.026919833,-0.3709339333,15,3,3.333333333,3,2
59,42.16235543,43.4821402,32.91281447,43.0453167,95.3130097,-1.945319767,-1.130118567,-1.0155928,-1.0212884,-0.3696415,15,3,3.333333333,3,2
60,42.16235543,43.4821402,32.91281447,43.0453167,95.3130097,-1.9411213,-1.1239385,-1.0103083,-1.015906167,-0.3683140667,15,3,3.333333333,3,2
61,42.16235543,43.4821402,32.91281447,50.27699027,95.3130097,-1.9362585,-1.117842367,-1.0050013,-1.0107205,-0.3669612667,15,3,3.333333333,3,2
62,42.16235543,43.4821402,34.41560617,50.27699027,95.3130097,-1.931620233,-1.111634333,-0.9995025,-1.005332033,-0.3655744,15,3,3.333333333,3,2.666666667
63,42.16235543,43.4821402,34.50789387,50.27699027,102.5430881,-1.926803433,-1.1055629,-0.9942330333,-0.9999025,-0.3644995333,15,3,3.333333333,3,2.666666667
64,42.16235543,43.4821402,34.50789387,50.27699027,102.5430881,-1.922033133,-1.099528167,-0.9890184667,-0.9944602667,-0.3631987667,15,3,3.333333333,3,2.666666667
65,42.16235543,43.4821402,34.50789387,50.27699027,102.5430881,-1.917183767,-1.093590067,-0.9835563333,-0.9890526667,-0.3617708667,15,3,3.333333333,3,2.666666667
66,42.16235543,45.18233043,48.89982223,50.27699027,112.3416774,-1.912302967,-1.087399067,-0.9781022333,-0.9837618,-0.3602845333,15,3,3.333333333,3,2.666666667
67,42.16235543,46.32075817,48.89982223,50.27699027,112.3416774,-1.908007533,-1.081172267,-0.9729863,-0.9784304667,-0.3595420333,15,3,3.333333333,3,2.666666667
68,42.16235543,46.32075817,48.89982223,50.27699027,112.3416774,-1.9039466,-1.0750017,-0.9678326333,-0.9729909,-0.3586639333,15,3,3.333333333,3,2.666666667
69,42.16235543,46.32075817,48.89982223,52.6873811,112.3416774,-1.8994967,-1.0687695,-0.9629912,-0.9675743667,-0.3578130667,15,3,3.333333333,3,2.666666667
70,42.16235543,46.32075817,48.89982223,52.6873811,112.3416774,-1.8949972,-1.0626077,-0.9582673667,-0.9622256,-0.3568145667,15,3,3.333333333,3,2.666666667
71,42.16235543,46.32075817,48.89982223,52.6873811,120.1952769,-1.890342933,-1.056432267,-0.9534281333,-0.9568911667,-0.35578,15,3,3.333333333,3,2.666666667
72,42.16235543,46.32075817,48.89982223,52.6873811,120.1952769,-1.885860867,-1.0502815,-0.9485012,-0.9515721333,-0.3546769,15,3,3.333333333,3,2.666666667
73,54.84820747,46.32075817,48.89982223,52.6873811,120.1952769,-1.8813593,-1.0441066,-0.9436406667,-0.9462903,-0.3535935667,15,3,3.333333333,3,2.666666667
74,54.84820747,46.32075817,96.04632583,61.01373107,120.1952769,-1.876783467,-1.037915267,-0.9389571,-0.9409488,-0.3525181667,15,3,3.333333333,3.333333333,2.666666667
75,54.84820747,46.32075817,96.04632583,61.36158313,120.1952769,-1.8725021,-1.031791633,-0.9342411,-0.9357356667,-0.3514243333,15,3,3.333333333,3.333333333,2.666666667
76,54.84820747,46.32075817,96.04632583,61.36158313,120.1952769,-1.868388733,-1.0256336,-0.9293980333,-0.9305406333,-0.3503206667,15,3,3.333333333,3.333333333,2.666666667
77,54.84820747,46.32075817,96.04632583,85.9939377,120.1952769,-1.864691167,-1.019624833,-0.9245087333,-0.9254313667,-0.3492977333,15,3,3.333333333,3.333333333,2.666666667
78,54.84820747,46.32075817,96.04632583,85.9939377,120.1952769,-1.8608393,-1.013495267,-0.9195122,-0.9201990333,-0.3483613333,15,3,3.333333333,3.333333333,2.666666667
79,54.84820747,52.0535984,96.04632583,85.9939377,120.1952769,-1.856795133,-1.008309567,-0.9145072667,-0.9150607667,-0.3472968667,15,4,3.333333333,3.333333333,2.666666667
80,58.59758373,52.0535984,96.04632583,91.34506303,120.1952769,-1.853082267,-1.0030826,-0.9095684667,-0.9098362667,-0.3463043333,15,4,3.333333333,3.333333333,2.666666667
81,58.59758373,76.9921646,96.04632583,103.8719462,120.1952769,-1.849124533,-0.9976977667,-0.9045775333,-0.9045101,-0.3452777,15,4,3.333333333,3.333333333,2.666666667
82,58.59758373,76.9921646,96.04632583,103.8719462,120.1952769,-1.845062633,-0.9921830333,-0.8995130333,-0.8991003,-0.3441614,15,4,3.333333333,3.666666667,2.666666667
83,58.59758373,76.9921646,96.04632583,107.7224381,120.1952769,-1.841287133,-0.9865689,-0.8944800667,-0.8941430667,-0.3429896667,15,4,3.333333333,3.666666667,2.666666667
84,58.59758373,83.13313547,96.04632583,107.7224381,120.1952769,-1.837493,-0.9809065,-0.8894727,-0.8889884333,-0.3418287667,15,4,3.333333333,4,2.666666667
85,58.59758373,83.13313547,96.04632583,107.7224381,132.1871313,-1.833914733,-0.9751959667,-0.8845463667,-0.8837910333,-0.3407046667,15,4,3.333333333,4,2.666666667
86,58.59758373,90.1122715,99.00127423,107.7224381,132.1871313,-1.830370733,-0.9696771,-0.8795391667,-0.8785855667,-0.3394906333,15,4,3.333333333,4,2.666666667
87,58.59758373,91.3796565,139.1062625,107.7224381,147.4772213,-1.82738,-0.9640018333,-0.8743897333,-0.8733629333,-0.3382120667,15,4,3.333333333,4,2.666666667
88,58.59758373,91.3796565,144.4872742,107.7224381,147.4772213,-1.824803933,-0.9585027667,-0.8692453,-0.8681257667,-0.3368962333,15,4,3.333333333,4,2.666666667
89,58.59758373,92.1250102,144.4872742,107.7224381,147.4772213,-1.821765633,-0.9531023667,-0.8639752333,-0.8633193,-0.3355931,15,4,3.333333333,4,2.666666667
90,58.8884099,92.1250102,144.4872742,107.7224381,180.308703,-1.819271767,-0.9481254,-0.8588037667,-0.8587195,-0.3343717,15,4,3.333333333,4,2.666666667
91,98.5302455,92.1250102,144.4872742,126.5618013,180.308703,-1.816514367,-0.9430070333,-0.8536749667,-0.8539525667,-0.3330315667,15,4,3.333333333,4,2.666666667
92,100.0912667,92.1250102,144.4872742,126.5618013,180.308703,-1.813339933,-0.9377932333,-0.8485407667,-0.8491061667,-0.3317472667,15,4,3.333333333,4,2.666666667
93,100.0912667,92.1250102,144.4872742,126.5618013,180.308703,-1.809807033,-0.9325633333,-0.8434507667,-0.8442601667,-0.3304489667,15,4,3.333333333,4,2.666666667
94,100.0912667,92.1250102,144.4872742,127.0391519,180.308703,-1.8062221,-0.9274152667,-0.8383637,-0.8393923667,-0.3291744,15,4,3.333333333,4,2.666666667
95,104.1040802,92.1250102,146.7192129,127.0391519,180.308703,-1.8028564,-0.9221874,-0.8331854667,-0.8344786667,-0.3278446667,15,4,3.333333333,4,2.666666667
96,104.1040802,92.1250102,146.7192129,127.0391519,180.308703,-1.799345333,-0.9168997,-0.8279117333,-0.8294852667,-0.3265930333,15,4,3.333333333,4,2.666666667
97,104.1040802,92.1250102,146.7192129,127.0391519,180.308703,-1.796190033,-0.9116532,-0.8226753667,-0.8244469667,-0.3253332,15,4,3.333333333,4,2.666666667
98,104.1040802,92.1250102,146.7192129,127.0391519,180.308703,-1.792972567,-0.9065191333,-0.8174849,-0.8194322,-0.3240285667,15,4,3.333333333,4,2.666666667
99,119.4246165,92.1250102,146.7192129,127.0391519,180.308703,-1.789790867,-0.9017229,-0.8122715667,-0.8146636667,-0.3226708667,15,4,3.333333333,4,2.666666667
100,119.4246165,92.1250102,146.7192129,127.0391519,238.3250197,-1.786970733,-0.8970440667,-0.8070705667,-0.8100921,-0.3216705333,15,4,3.666666667,4,3
101,119.4246165,94.76787553,146.7192129,127.0391519,238.3250197,-1.7840363,-0.8922731667,-0.8019699667,-0.8055945,-0.3206391667,15,4,3.666666667,4,3
102,119.4246165,94.76787553,158.0136515,127.0391519,238.3250197,-1.780861567,-0.8873288,-0.7968205667,-0.8010977667,-0.3196927667,15,4,3.666666667,4,3
103,119.4246165,94.76787553,158.0136515,127.0391519,238.3250197,-1.777857533,-0.8822999667,-0.7919127,-0.7965059,-0.3186935,15,4,3.666666667,4,3
104,119.4246165,146.89904,158.0136515,127.0391519,238.3250197,-1.775054567,-0.8773849667,-0.7869575667,-0.7920596,-0.3176197667,15,4,3.666666667,4,3
105,119.4246165,146.89904,158.0136515,127.0391519,238.3250197,-1.7721987,-0.8723528667,-0.7821205667,-0.7876221333,-0.3165476333,15,4,3.666666667,4,3
106,120.6531169,146.89904,158.0136515,127.0391519,238.3250197,-1.769194067,-0.8673968333,-0.7772988667,-0.7832098667,-0.315451,15,4,3.666666667,4,3
107,124.999044,146.89904,158.0136515,127.0391519,238.3250197,-1.7655756,-0.8623732,-0.7724213333,-0.7787951333,-0.3143410667,15,4,3.666666667,4,3
108,127.5442913,146.89904,158.0136515,127.0391519,238.3250197,-1.7618634,-0.8574258667,-0.7676639333,-0.7743829333,-0.3131513333,15,4,3.666666667,4,3
109,127.5442913,146.89904,159.4944459,127.0391519,238.3250197,-1.758013333,-0.8523734,-0.7629589,-0.7700104667,-0.3119894,15,4,3.666666667,4,3
110,127.5442913,165.6497217,159.4944459,127.0391519,238.3250197,-1.754100633,-0.8475336333,-0.7582849667,-0.7657670667,-0.3107969667,15,4,3.666666667,4,3
111,144.276085,165.6497217,163.8314744,127.0391519,238.3250197,-1.7504603,-0.8427757,-0.7535551333,-0.7615469333,-0.3096432,15,4,3.666666667,4,3
112,144.276085,165.6497217,163.8314744,127.0391519,238.3250197,-1.7469986,-0.8379114667,-0.748835,-0.7573929667,-0.3085304333,15,4,3.666666667,4,3
113,144.276085,165.6497217,163.8314744,127.0391519,238.3250197,-1.743356,-0.8329750667,-0.7441895667,-0.7532137,-0.3074681,15,4,3.666666667,4,3
114,144.276085,165.6497217,187.8049673,127.0391519,238.3250197,-1.739493733,-0.8279313,-0.7394272667,-0.7490433,-0.3063601,15,4,3.666666667,4,3
115,144.276085,165.6497217,187.8049673,140.4600804,238.3250197,-1.735468667,-0.8230335667,-0.7346443667,-0.7450397,-0.3053227333,15,4,3.666666667,4,3
116,144.276085,165.6497217,187.8049673,140.4600804,238.3250197,-1.731801833,-0.8181354667,-0.7298726333,-0.7411705,-0.3042728667,15,4,3.666666667,4,3
117,144.276085,165.6497217,187.8049673,142.3405278,238.3250197,-1.728124267,-0.8134084667,-0.7250535667,-0.7372624,-0.3031856667,15,4,3.666666667,4,3
118,144.276085,165.6497217,187.8049673,142.3405278,238.3250197,-1.724160633,-0.8085522667,-0.7202598667,-0.7333080333,-0.3020525333,15,4,3.666666667,4,3
119,144.276085,165.6497217,188.4141083,186.4094643,238.3250197,-1.7199995,-0.8040086,-0.7155639333,-0.7292471333,-0.3009542667,15,5,3.666666667,4,3
120,144.276085,165.6497217,188.4141083,186.4094643,238.3250197,-1.715787833,-0.7994047667,-0.7107758667,-0.7251443667,-0.2998835667,15,5,3.666666667,4.333333333,3
121,144.276085,165.6497217,188.4141083,212.6114247,238.3250197,-1.711574433,-0.7946988,-0.7060485333,-0.7210174,-0.298826,15,5,3.666666667,4.333333333,3
122,171.4494427,165.6497217,188.4141083,212.6114247,238.3250197,-1.707600567,-0.7899289667,-0.7013016667,-0.7167872,-0.2976942667,15,5,3.666666667,4.333333333,3
123,171.4494427,165.6497217,188.4141083,212.6114247,238.3250197,-1.703542867,-0.7852634667,-0.6966326667,-0.7126618333,-0.2965566667,15,5,3.666666667,4.333333333,3.333333333
124,171.4494427,165.6497217,188.4141083,212.6114247,238.3250197,-1.699499833,-0.7806259333,-0.6919902667,-0.7084956,-0.2954053,15,5,3.666666667,4.666666667,3.333333333
125,171.4494427,165.6497217,188.4141083,372.6781973,238.3250197,-1.6954765,-0.7760958,-0.6872897667,-0.7043851333,-0.2943716667,15,5,3.666666667,4.666666667,3.333333333
126,171.4494427,165.6497217,225.9653777,372.6781973,238.3250197,-1.691629333,-0.7715756667,-0.6825924667,-0.7002647667,-0.2933133667,15,5,3.666666667,5,3.333333333
127,171.4494427,165.6497217,333.177709,372.6781973,238.3250197,-1.6878459,-0.7672204333,-0.6778211333,-0.6960294333,-0.2923218333,15,5,3.666666667,5,3.333333333
128,171.4494427,165.6497217,333.177709,372.6781973,238.3250197,-1.683996133,-0.7628628667,-0.6730273667,-0.6919525,-0.291435,15,5,3.666666667,5,3.333333333
129,171.4494427,165.6497217,333.177709,372.6781973,306.0347113,-1.679989333,-0.7584182,-0.6682001667,-0.6879360333,-0.2905069,15,5,3.666666667,5,3.333333333
130,171.4494427,172.3991723,333.177709,372.6781973,306.0347113,-1.675953667,-0.7539635,-0.663431,-0.6839190333,-0.2895203667,15,5,3.666666667,5,3.333333333
131,171.4494427,172.3991723,333.177709,375.166316,306.0347113,-1.6718206,-0.7495036667,-0.6585801333,-0.6799164,-0.2884473667,15,5,3.666666667,5,3.333333333
132,171.4494427,172.3991723,333.177709,375.166316,329.4011967,-1.667555067,-0.7451563,-0.6537793667,-0.6759199,-0.2874052667,15,5,3.666666667,5,3.333333333
133,183.5355937,172.3991723,333.177709,375.166316,340.8503367,-1.663235533,-0.7408196333,-0.6490264333,-0.6720578667,-0.2862874,15,5,3.666666667,5,3.333333333
134,183.5355937,172.3991723,333.177709,375.166316,340.8503367,-1.658898133,-0.7365334667,-0.6442638667,-0.6681962,-0.2852349667,15,5,3.666666667,5,3.333333333
135,183.5355937,185.2537003,333.177709,379.268148,340.8503367,-1.654543867,-0.7321741667,-0.6395452,-0.6643415333,-0.2841832333,15,5,3.666666667,5,3.333333333
136,183.5355937,185.2537003,333.177709,379.268148,356.3511657,-1.6502027,-0.7278685667,-0.6348854667,-0.6605033667,-0.2830998333,15,5,3.666666667,5,3.333333333
137,183.5355937,239.1839067,333.177709,379.268148,356.3511657,-1.645817633,-0.7237956667,-0.6301587333,-0.6569481,-0.282053,15,5,3.666666667,5,3.333333333
138,183.5355937,253.6318767,333.177709,379.268148,356.3511657,-1.641612067,-0.7197356,-0.6255164333,-0.6534467667,-0.2809710333,15,5,3.666666667,5,3.333333333
139,183.5355937,291.998657,333.177709,379.268148,362.4777017,-1.637475367,-0.7155633333,-0.6208477333,-0.6500132333,-0.2798360333,15,5,3.666666667,5,3.333333333
140,183.5355937,291.998657,333.177709,379.268148,362.4777017,-1.633323633,-0.7113123333,-0.6161258333,-0.6464201333,-0.2786857667,15,5,3.666666667,5,3.333333333
141,183.5355937,291.998657,333.177709,379.268148,362.4777017,-1.6289626,-0.7073027333,-0.6114659667,-0.6430778333,-0.2775179667,15,5,3.666666667,5,3.333333333
142,183.5355937,291.998657,333.177709,379.268148,362.4777017,-1.624582133,-0.7032801667,-0.6068844667,-0.6396399667,-0.276387,15,5,3.666666667,5,3.333333333
143,183.5355937,291.998657,333.177709,379.268148,362.4777017,-1.620140133,-0.6992601333,-0.6023794,-0.6361641667,-0.2752636667,15,5,3.666666667,5,3.333333333
144,185.822113,291.998657,333.177709,379.268148,362.4777017,-1.615548733,-0.6953041333,-0.5978756333,-0.6327888333,-0.2742637333,15,5,3.666666667,5,3.333333333
145,185.822113,291.998657,333.177709,379.268148,362.4777017,-1.610881333,-0.6912892,-0.5934215333,-0.6295644333,-0.2733226333,15,5,4,5,3.333333333
146,189.5805663,291.998657,333.177709,386.016332,362.4777017,-1.606264133,-0.6872868667,-0.5889541,-0.6262015333,-0.2722786667,15,5,4,5,3.333333333
147,189.5805663,291.998657,333.177709,386.016332,362.4777017,-1.601744833,-0.6834414333,-0.5846825333,-0.6227847,-0.2712198333,15,5,4,5,3.333333333
148,189.5805663,297.5342967,357.6428323,507.5967757,362.4777017,-1.597030667,-0.6797078667,-0.5808027667,-0.6193820333,-0.2701148333,15,5,4.333333333,5,3.333333333
149,189.5805663,297.5342967,357.6428323,507.5967757,362.4777017,-1.592202233,-0.6758661667,-0.5768957333,-0.6159146,-0.269005,15,5,4.333333333,5,3.333333333
150,216.9417163,297.5342967,432.8645987,507.5967757,362.4777017,-1.587631433,-0.6720076333,-0.572863,-0.6125313333,-0.2678186667,15,5,4.333333333,5,3.333333333
151,216.9417163,297.5342967,432.8645987,507.5967757,362.4777017,-1.5829681,-0.6680773333,-0.5687964,-0.6092056333,-0.2666403333,15,5,4.333333333,5,3.333333333
152,230.2000987,297.5342967,573.2075947,507.5967757,362.4777017,-1.578103233,-0.6641558333,-0.5647512667,-0.6058916667,-0.2654671333,15,5,4.333333333,5,3.333333333
153,230.2000987,330.741572,573.2075947,507.5967757,362.4777017,-1.572965833,-0.6601903,-0.5606655,-0.6027115333,-0.2643144667,15,5,4.333333333,5,3.333333333
154,230.2000987,330.741572,573.2075947,511.6001633,544.9490863,-1.567774933,-0.6564312,-0.5566591667,-0.5997164667,-0.2631197333,15,5,4.333333333,5,3.333333333
155,230.2000987,330.741572,573.2075947,511.6001633,544.9490863,-1.562768133,-0.652726,-0.5526613,-0.596581,-0.2618109,15,5,4.333333333,5,3.333333333
156,230.2000987,330.741572,602.944411,511.6001633,544.9490863,-1.557775433,-0.6490101667,-0.5485991,-0.5933512667,-0.260506,15,5,4.333333333,5,3.333333333
157,230.2000987,330.741572,602.944411,511.6001633,544.9490863,-1.552641833,-0.6452358,-0.5445025333,-0.5900809333,-0.2591733333,15,5,4.333333333,5,3.333333333
158,259.025955,330.741572,602.944411,511.6001633,546.1881203,-1.5474132,-0.6415200333,-0.5404341667,-0.5867745667,-0.2578211,15,5,4.333333333,5,3.333333333
159,262.5728657,330.741572,602.944411,519.7001693,546.1881203,-1.542158367,-0.6378785333,-0.5363933333,-0.5837893667,-0.2564564,15,5,4.333333333,5,3.666666667
160,262.5728657,330.741572,602.944411,519.7001693,546.1881203,-1.536855633,-0.6343688333,-0.5324967333,-0.5809799667,-0.2551599,15,5,4.333333333,5,3.666666667
161,270.9649913,330.741572,615.4235523,519.7001693,546.1881203,-1.5316656,-0.6309018333,-0.5289255333,-0.5779845667,-0.2538697,15,5,4.333333333,5,3.666666667
162,277.9198913,330.741572,615.4235523,519.7001693,557.7758687,-1.526447133,-0.6274986,-0.5252191667,-0.5749314667,-0.2525713333,15,5,4.333333333,5,3.666666667
163,277.9198913,330.741572,615.4235523,519.7001693,749.4825643,-1.521439033,-0.6240547,-0.5215014667,-0.5717405667,-0.2511796,15,5,4.333333333,5,3.666666667
164,277.9198913,330.741572,615.4235523,519.7001693,749.4825643,-1.5161527,-0.6205978,-0.5177290333,-0.5685593333,-0.2498295333,15,5,4.333333333,5,3.666666667
165,277.9198913,330.741572,615.4235523,519.7001693,749.4825643,-1.510944433,-0.6171490667,-0.5139446667,-0.5654201333,-0.2485217667,15,5,4.333333333,5,3.666666667
166,277.9198913,330.741572,615.4235523,519.7001693,749.4825643,-1.505762067,-0.6136791333,-0.5102052,-0.5623149,-0.2472775333,15,5,4.333333333,5,3.666666667
167,277.9198913,330.741572,615.4235523,558.510289,749.4825643,-1.500403267,-0.6102219333,-0.5064323,-0.5592520333,-0.2460044,15,5,4.333333333,5,3.666666667
168,277.9198913,330.741572,615.4235523,558.510289,749.4825643,-1.495296067,-0.6067953,-0.5026662667,-0.5561850667,-0.2447661,15,5,4.333333333,5.333333333,3.666666667
169,277.9198913,330.741572,615.4235523,600.0430347,749.4825643,-1.490265467,-0.6034062,-0.4989621333,-0.5530198333,-0.2434322333,15,5,4.333333333,5.333333333,3.666666667
170,277.9198913,330.741572,615.4235523,624.1888273,749.4825643,-1.484892,-0.6002808667,-0.4953023,-0.5498029333,-0.2420084333,15,5,4.333333333,5.666666667,3.666666667
171,277.9198913,330.741572,615.4235523,624.1888273,749.4825643,-1.479697167,-0.5971935667,-0.4916577,-0.5466238,-0.2406140667,15,5,4.333333333,6,3.666666667
172,277.9198913,330.741572,615.4235523,624.1888273,749.4825643,-1.474501633,-0.5940294333,-0.4881906333,-0.5434905333,-0.2391898333,15,5,4.333333333,6,3.666666667
173,277.9198913,330.741572,615.4235523,624.1888273,749.4825643,-1.469292633,-0.5910077333,-0.4846628667,-0.5404012667,-0.2377248667,15,5,4.333333333,6,3.666666667
174,277.9198913,330.741572,615.4235523,624.1888273,750.0434773,-1.463976933,-0.5879888333,-0.4811432,-0.5373396,-0.2363288333,15,5,4.333333333,6,3.666666667
175,277.9198913,330.741572,615.4235523,651.4107507,750.0434773,-1.4587616,-0.5849713,-0.4776734,-0.5342539333,-0.2350225667,15,5,4.333333333,6,3.666666667
176,277.9198913,330.741572,615.4235523,651.4107507,750.0434773,-1.453396367,-0.5819889667,-0.4742064667,-0.5314520667,-0.2336493333,15,5,4.333333333,6,3.666666667
177,277.9198913,330.741572,615.4235523,651.4107507,750.0434773,-1.448295367,-0.5790256333,-0.4707586667,-0.5286587333,-0.2322313,15,5,4.333333333,6,3.666666667
178,277.9198913,330.741572,615.4235523,662.095036,750.0434773,-1.443108633,-0.5761015333,-0.4673354,-0.5260183,-0.2308988,15,5,4.333333333,6,3.666666667
179,277.9198913,330.741572,615.4235523,662.095036,750.0434773,-1.4378703,-0.5731650333,-0.4639381667,-0.5232589333,-0.2296270667,15,6,4.333333333,6,3.666666667
180,308.6601153,330.741572,615.4235523,662.095036,750.0434773,-1.432990567,-0.5704298,-0.4606574333,-0.5207272,-0.2283575333,15,6,4.333333333,6,3.666666667
181,308.6601153,362.0721487,615.4235523,662.095036,750.0434773,-1.428441,-0.5675828667,-0.4573282667,-0.5182783,-0.2270468333,15,6,4.333333333,6,3.666666667
182,308.6601153,362.0721487,615.4235523,662.095036,750.0434773,-1.4237716,-0.5646807,-0.4540195333,-0.5159114333,-0.2257846,15,6,4.333333333,6,3.666666667
183,319.6289977,586.5036673,615.4235523,662.095036,750.0434773,-1.4190514,-0.5617104667,-0.45068,-0.5135465333,-0.2245933333,15,6,4.333333333,6,3.666666667
184,319.6289977,586.5036673,615.4235523,662.095036,750.0434773,-1.414304167,-0.5588214333,-0.4473982667,-0.5112396333,-0.2233561667,15,6,4.333333333,6,3.666666667
185,319.6289977,586.5036673,615.4235523,662.095036,750.0434773,-1.4097289,-0.5561939,-0.4441256,-0.5089254667,-0.2221751,15,6,4.333333333,6,3.666666667
186,319.6289977,586.5036673,615.4235523,662.095036,750.0434773,-1.404898633,-0.5535615,-0.4410278667,-0.5066129667,-0.2209682,15,6,4.666666667,6,3.666666667
187,319.6289977,586.5036673,615.4235523,662.095036,750.0434773,-1.400052433,-0.5510805333,-0.4378960667,-0.5042307333,-0.2198113,15,6,4.666666667,6,3.666666667
188,319.6289977,587.287114,615.4235523,662.095036,750.0434773,-1.395068367,-0.5482836667,-0.4347879667,-0.5018027667,-0.218683,15,6,4.666666667,6,3.666666667
189,319.6289977,587.287114,615.4235523,662.095036,751.1127217,-1.390126467,-0.5453741,-0.431778,-0.4994086,-0.2174787667,15,6,4.666666667,6,3.666666667
190,319.6289977,587.287114,615.4235523,662.095036,751.827937,-1.385073267,-0.5425692667,-0.4288159333,-0.4971678667,-0.2162542,15,6,4.666666667,6,3.666666667
191,330.450648,587.287114,615.4235523,691.341959,751.827937,-1.380146767,-0.5398575667,-0.4259074,-0.4949586,-0.2150058333,15,6,4.666666667,6,3.666666667
192,330.450648,587.287114,615.4235523,691.341959,751.827937,-1.375302767,-0.5371598667,-0.4230284333,-0.4927100667,-0.2137579,15,6,4.666666667,6,3.666666667
193,330.450648,587.287114,615.4235523,691.341959,751.827937,-1.3705148,-0.5345641667,-0.4201501,-0.4905171333,-0.2124930667,15,6,4.666666667,6,3.666666667
194,330.450648,587.287114,615.4235523,691.341959,757.9769083,-1.3658235,-0.5319858333,-0.4172663,-0.4883635333,-0.2112370333,15,6,4.666666667,6,3.666666667
195,330.450648,599.6889847,615.4235523,691.341959,757.9769083,-1.361268367,-0.5295608333,-0.4144671,-0.4863316,-0.2100183667,15,6,5,6,3.666666667
196,330.450648,608.3125707,615.4235523,691.341959,761.043457,-1.356865567,-0.527242,-0.4116720333,-0.4844388333,-0.2087888,15,6,5,6,3.666666667
197,342.2349703,608.3125707,619.62211,691.341959,761.043457,-1.352517767,-0.5248961667,-0.4090468333,-0.4825458333,-0.2075289667,15,6,5,6,3.666666667
198,347.9629927,608.3125707,619.62211,691.341959,761.043457,-1.348019667,-0.5227680333,-0.4063774667,-0.4806274,-0.2063240333,15,6,5,6,3.666666667
199,367.802633,608.3125707,619.62211,691.341959,761.043457,-1.343541767,-0.5206295333,-0.4038598333,-0.4787364,-0.2051336333,15,6,5,6,3.666666667
200,367.802633,614.3780407,619.62211,691.341959,761.043457,-1.338942133,-0.5184024333,-0.4014806333,-0.4768427667,-0.2040648333,15,6,5.333333333,6,3.666666667
201,367.802633,614.3780407,619.62211,691.341959,784.140452,-1.334393633,-0.5160752,-0.3990864333,-0.4749811333,-0.2029011667,15,6,5.333333333,6,3.666666667
202,367.802633,614.3780407,619.62211,726.585133,796.6643167,-1.329922933,-0.5137539333,-0.3966490333,-0.4732340667,-0.2017457333,15,6,5.333333333,6,3.666666667
203,399.533773,614.3780407,619.62211,726.585133,796.6643167,-1.325404367,-0.5114900333,-0.3941472,-0.4714175,-0.2005908,15,6,5.333333333,6,4
204,399.533773,614.3780407,619.62211,726.585133,796.9641827,-1.320816767,-0.5093374333,-0.3916555333,-0.4696805333,-0.1993992333,15,6,5.333333333,6,4
205,399.533773,614.3780407,619.62211,726.585133,796.9641827,-1.316259533,-0.5071073,-0.3892203667,-0.467934,-0.1982444,15,6,5.333333333,6,4
206,410.8426717,614.3780407,619.62211,726.585133,796.9641827,-1.311889167,-0.5047736,-0.3868582,-0.4661427667,-0.1971734333,15,6,5.333333333,6,4
207,410.8426717,614.3780407,619.62211,734.5491937,796.9641827,-1.307516,-0.5024463333,-0.3846219667,-0.4644496,-0.1962709333,15,6,5.333333333,6,4
208,426.0544127,614.3780407,619.62211,734.5491937,803.3951503,-1.303091667,-0.5001603333,-0.382485,-0.4627683,-0.1953413333,15,6,5.333333333,6,4
209,426.9849853,774.2693577,619.62211,734.5491937,935.0810127,-1.298805267,-0.4980866333,-0.3804834,-0.4610677,-0.1944788,15,6,5.333333333,6,4
210,620.5498363,774.2693577,879.977272,734.5491937,935.0810127,-1.2941989,-0.4959592333,-0.3788272667,-0.4593258667,-0.1936366667,15,6,5.333333333,6,4
211,620.5498363,774.2693577,879.977272,734.5491937,935.0810127,-1.289299,-0.4938953333,-0.3771870333,-0.4576208333,-0.1928062667,15,6,5.333333333,6,4
212,620.5498363,774.2693577,879.977272,734.5491937,935.0810127,-1.2844891,-0.4917610333,-0.3754270667,-0.4559631333,-0.1920236333,15,6,5.333333333,6,4
213,620.5498363,849.8860873,879.977272,734.5491937,935.0810127,-1.2799002,-0.4896464333,-0.3736332667,-0.4543103,-0.1913579667,15,6,5.333333333,6,4
214,620.5498363,849.8860873,879.977272,734.5491937,935.0810127,-1.2754772,-0.487597,-0.3718126667,-0.4527031667,-0.1905992667,15,6,5.333333333,6,4
215,620.5498363,849.8860873,879.977272,734.5491937,935.0810127,-1.270877567,-0.4854423,-0.3700026333,-0.451001,-0.1898393333,15,6,5.333333333,6,4
216,620.5498363,849.8860873,879.977272,734.5491937,935.0810127,-1.26637,-0.4833768333,-0.3682934333,-0.4493209333,-0.1892091333,15,6,5.333333333,6,4
217,620.5498363,849.8860873,879.977272,734.5491937,935.0810127,-1.261923,-0.4812022333,-0.3667109,-0.4476720667,-0.1886574333,15,6,5.333333333,6,4
218,620.5498363,849.8860873,879.977272,734.5491937,935.0810127,-1.2575445,-0.4791538333,-0.3650889,-0.4459222,-0.1880627,15,6,5.333333333,6,4
219,620.5498363,849.8860873,879.977272,734.5491937,935.0810127,-1.2530892,-0.4771958667,-0.363481,-0.4441708333,-0.1874662667,15,6,5.333333333,6,4
220,620.5498363,849.8860873,879.977272,1024.532124,938.602986,-1.248614433,-0.4752035667,-0.3619528667,-0.4423522333,-0.1867662667,15,6,5.333333333,6,4
221,620.5498363,862.2918083,879.977272,1024.532124,938.602986,-1.244193533,-0.4731813333,-0.3606593667,-0.4405111,-0.1860558,15,6,5.333333333,6,4
222,620.5498363,862.2918083,879.977272,1024.532124,938.602986,-1.239682567,-0.4713773,-0.3593118,-0.4387917333,-0.1853948,15,6,5.333333333,6,4
223,620.5498363,862.2918083,879.977272,1024.532124,938.602986,-1.2351431,-0.4696126333,-0.3579509333,-0.4371733333,-0.1847280333,15,6,5.333333333,6,4
224,620.5498363,862.2918083,879.977272,1072.562907,938.602986,-1.2306191,-0.4677249333,-0.3565227667,-0.4353320333,-0.1841065667,15,6,5.333333333,6,4
225,715.462363,862.2918083,879.977272,1072.562907,938.602986,-1.2260211,-0.4658383667,-0.3550785333,-0.4333108667,-0.1834810333,15,6,5.333333333,6,4
226,715.462363,1032.544148,891.815692,1072.562907,938.602986,-1.221398667,-0.4639562667,-0.3536224,-0.4314984667,-0.1828246333,15,6,5.333333333,6.333333333,4
227,715.462363,1032.544148,891.815692,1083.032023,938.602986,-1.2168049,-0.4620952333,-0.3521533667,-0.4296029667,-0.1822145333,15,6,5.333333333,6.333333333,4
228,938.26701,1037.317931,891.815692,1083.032023,938.602986,-1.2120425,-0.4601232333,-0.3506464667,-0.4277947667,-0.1816817667,15,6,5.333333333,6.666666667,4
229,938.26701,1050.28007,891.815692,1083.032023,938.602986,-1.2071532,-0.4580528,-0.3491376333,-0.4262892667,-0.1811436667,15,6,5.333333333,7,4
230,938.26701,1050.28007,891.815692,1083.032023,938.602986,-1.202195367,-0.4559351667,-0.3475875,-0.4247945667,-0.1805899667,15,6,5.333333333,7,4
231,938.26701,1050.28007,891.815692,1083.032023,938.602986,-1.197363367,-0.4537604,-0.3459937,-0.4231688333,-0.1801896,15,6,5.333333333,7,4
232,938.26701,1050.28007,891.815692,1083.032023,938.602986,-1.1925512,-0.4515907667,-0.344436,-0.4214218333,-0.1796236333,15,6,5.333333333,7,4
233,938.26701,1050.28007,891.815692,1083.032023,938.602986,-1.187892833,-0.4494259,-0.3428970333,-0.4197514667,-0.1790387,15,6,5.333333333,7,4
234,938.26701,1050.28007,891.815692,1083.032023,938.602986,-1.183133733,-0.4473210333,-0.341463,-0.4181873667,-0.1785540667,15,6,5.333333333,7,4
235,938.26701,1050.28007,891.815692,1083.032023,938.602986,-1.1786602,-0.4452423667,-0.3400467333,-0.4165881,-0.1780532667,15,6,5.333333333,7,4
236,1053.843262,1050.28007,891.815692,1083.032023,938.602986,-1.173943867,-0.4433382667,-0.3385809,-0.4149881667,-0.1776665667,15,6,5.333333333,7,4
237,1053.843262,1050.28007,891.815692,1083.032023,941.1755793,-1.169055567,-0.4417621,-0.3371891,-0.4135453667,-0.1773153333,15,6,5.333333333,7,4
238,1053.843262,1050.28007,891.815692,1083.032023,941.1755793,-1.1642208,-0.4402350333,-0.3357590667,-0.4121050667,-0.1768464,15,6,5.333333333,7,4
239,1053.843262,1050.28007,891.815692,1083.032023,941.1755793,-1.159607533,-0.4385846333,-0.3342987667,-0.4105435667,-0.1763535667,15,7,5.333333333,7,4
240,1053.843262,1050.28007,891.815692,1083.032023,1002.153302,-1.154981067,-0.4368904667,-0.3328534667,-0.4089965667,-0.1758178333,15,7,5.333333333,7,4
241,1053.843262,1050.28007,891.815692,1083.032023,1002.153302,-1.150228933,-0.4353308,-0.3315426333,-0.4074927667,-0.1752922667,15,7,5.333333333,7,4
242,1056.06081,1050.28007,891.815692,1083.032023,1002.153302,-1.145462467,-0.4338361667,-0.3302485333,-0.4061599,-0.1747614333,15,7,5.333333333,7,4
243,1056.06081,1050.28007,891.815692,1083.032023,1002.153302,-1.140555667,-0.4323006,-0.3289561667,-0.4048903667,-0.1741616667,15,7,5.333333333,7,4
244,1056.06081,1050.28007,891.815692,1083.032023,1002.153302,-1.1356199,-0.4307710333,-0.327696,-0.4036301333,-0.173601,15,7,5.333333333,7,4
245,1056.06081,1050.28007,891.815692,1083.032023,1002.153302,-1.130633967,-0.4292067,-0.3264184,-0.4024346,-0.1729862667,15,7,5.333333333,7,4
246,1056.06081,1050.28007,891.815692,1083.032023,1002.153302,-1.125567467,-0.4276640333,-0.3251108667,-0.4011490667,-0.1723600333,15,7,5.333333333,7,4
247,1056.06081,1050.28007,891.815692,1083.032023,1002.153302,-1.120499867,-0.426284,-0.3237995,-0.3998377667,-0.1717324,15,7,5.333333333,7,4
248,1056.06081,1050.28007,891.815692,1083.032023,1002.153302,-1.115564833,-0.4250474333,-0.3226943333,-0.3985618667,-0.1711126333,15,7,5.333333333,7,4
249,1056.06081,1050.28007,1024.550393,1083.032023,1002.153302,-1.1107814,-0.4237639333,-0.3214323,-0.3973406,-0.1704945,15,7,5.333333333,7,4
250,1056.06081,1066.846517,1024.550393,1083.032023,1017.55766,-1.105974533,-0.4225335333,-0.3200991333,-0.3962925667,-0.1698441333,15,7,5.333333333,7,4
251,1056.06081,1066.846517,1024.550393,1083.032023,1017.55766,-1.100956833,-0.4212377,-0.3187390667,-0.3951582,-0.1691922333,15,7,5.333333333,7,4
252,1056.06081,1066.846517,1024.550393,1083.032023,1029.49994,-1.095941133,-0.4201532333,-0.3175159333,-0.39404,-0.1686021667,15,7,5.333333333,7,4
253,1056.06081,1066.846517,1024.550393,1083.032023,1029.49994,-1.091074267,-0.4191327333,-0.3162772667,-0.3929583,-0.1680448333,15,7,5.333333333,7,4
254,1056.06081,1066.846517,1024.550393,1083.032023,1029.49994,-1.086462333,-0.4179579,-0.3150989,-0.3919169667,-0.1674600667,15,7,5.666666667,7,4
255,1056.06081,1066.846517,1045.61444,1083.032023,1029.49994,-1.081693567,-0.4168258667,-0.3139475667,-0.3908883667,-0.1668194667,15,7,5.666666667,7,4
256,1056.06081,1066.846517,1045.61444,1083.032023,1029.49994,-1.076878167,-0.4156797333,-0.3127797667,-0.3898107333,-0.1661842667,15,7,5.666666667,7,4
257,1056.06081,1066.846517,1045.61444,1083.032023,1029.49994,-1.072003933,-0.4144980667,-0.3116254,-0.3886836,-0.1655163,15,7,5.666666667,7,4.333333333
258,1056.06081,1066.846517,1045.61444,1083.032023,1029.49994,-1.067145867,-0.4133411667,-0.3104506333,-0.3876494667,-0.1648464,15,7,5.666666667,7,4.333333333
259,1056.06081,1066.846517,1045.61444,1083.032023,1029.49994,-1.062258367,-0.4123387,-0.3092740667,-0.38659,-0.1642591667,15,7,5.666666667,7,4.333333333
260,1056.06081,1066.846517,1045.61444,1083.032023,1029.49994,-1.057315267,-0.4112644333,-0.3081860333,-0.3855502667,-0.1636624333,15,7,5.666666667,7,4.333333333
261,1056.06081,1066.846517,1045.61444,1083.032023,1029.49994,-1.052408033,-0.410112,-0.3070996667,-0.3845139667,-0.1629693,15,7,5.666666667,7,4.333333333
262,1056.06081,1066.846517,1045.61444,1083.032023,1029.49994,-1.047614267,-0.4088817667,-0.3059785,-0.3834632333,-0.162272,15,7,5.666666667,7,4.333333333
263,1056.06081,1066.846517,1045.61444,1083.032023,1029.49994,-1.0428991,-0.4076797,-0.3048663667,-0.3823498,-0.1616443,15,7,5.666666667,7,4.333333333
264,1056.06081,1066.846517,1045.61444,1083.032023,1029.49994,-1.038151133,-0.4064764,-0.3037510333,-0.3812519,-0.1609783,15,7,5.666666667,7,4.333333333
265,1056.06081,1066.846517,1045.61444,1083.032023,1029.49994,-1.033422733,-0.4053564333,-0.3026392667,-0.380115,-0.1603670667,15,7,5.666666667,7,4.333333333
266,1056.06081,1066.846517,1045.61444,1083.032023,1029.49994,-1.028647467,-0.4042394333,-0.3014806333,-0.3789421667,-0.1597912333,15,7,5.666666667,7,4.333333333
267,1056.06081,1066.846517,1045.61444,1083.032023,1029.49994,-1.024049367,-0.4032231,-0.3004625667,-0.3778396333,-0.1591822667,15,7,5.666666667,7,4.333333333
268,1056.06081,1066.846517,1045.61444,1083.032023,1029.49994,-1.019536133,-0.4021967333,-0.2993504667,-0.3768843,-0.1585710667,15,7,5.666666667,7,4.333333333
269,1056.06081,1066.846517,1045.61444,1083.032023,1029.49994,-1.015064767,-0.4011417,-0.2982701667,-0.3758706667,-0.1579576667,15,7,5.666666667,7,4.333333333
270,1056.06081,1066.846517,1045.61444,1083.032023,1029.49994,-1.010775067,-0.4000543333,-0.2975382,-0.3748529333,-0.1573945667,15,7,6,7,4.333333333
271,1056.06081,1066.846517,1045.61444,1083.032023,1029.49994,-1.006492267,-0.3989943,-0.2965536,-0.3738602333,-0.1568827,15,7,6,7,4.333333333
272,1056.06081,1066.846517,1045.61444,1083.032023,1029.49994,-1.002326033,-0.3979632333,-0.2954214667,-0.3729635,-0.1563770667,15,7,6,7,4.333333333
273,1056.06081,1066.846517,1045.61444,1083.032023,1029.49994,-0.9980972,-0.3969418,-0.2943811,-0.3721148,-0.1558390333,15,7,6,7,4.333333333
274,1056.06081,1066.846517,1045.61444,1083.032023,1029.49994,-0.9937927,-0.3959883333,-0.2933623,-0.3712393,-0.1553020333,15,7,6,7,4.333333333
275,1056.06081,1066.846517,1045.61444,1083.032023,1029.49994,-0.9894799667,-0.3949821,-0.2923938333,-0.3703341667,-0.1547498333,15,7,6,7,4.333333333
276,1056.06081,1066.846517,1045.61444,1083.032023,1029.49994,-0.9851762,-0.3939431,-0.2913643333,-0.3694305,-0.1542366667,15,7,6,7,4.666666667
277,1056.06081,1066.846517,1045.61444,1083.032023,1038.004333,-0.9810585333,-0.3930221667,-0.2902113333,-0.3686135,-0.1537471667,15,7,6,7,4.666666667
278,1056.06081,1066.846517,1059.488343,1083.032023,1038.004333,-0.9769734667,-0.3921704333,-0.2890760667,-0.3678222667,-0.1532840667,15,7,6,7,4.666666667
279,1056.06081,1066.846517,1059.488343,1083.032023,1038.004333,-0.972936,-0.3912464333,-0.2879391,-0.3669246333,-0.152824,15,7,6,7,4.666666667
280,1056.06081,1066.846517,1078.558717,1083.032023,1038.004333,-0.9689352,-0.3902668333,-0.2867446667,-0.3659757,-0.1523835333,15,7,6,7,4.666666667
281,1056.06081,1066.846517,1078.558717,1083.032023,1038.004333,-0.9650149333,-0.3892873667,-0.2856484667,-0.3650668667,-0.1519664,15,7,6,7,4.666666667
282,1056.06081,1066.846517,1078.558717,1083.032023,1038.004333,-0.9613019,-0.3881975667,-0.2845788,-0.3641833,-0.1517710667,15,7,6,7,4.666666667
283,1056.06081,1131.836343,1078.558717,1083.032023,1038.004333,-0.9575515,-0.3870547667,-0.283496,-0.3632319333,-0.1514639333,15,7,6,7,4.666666667
284,1056.06081,1131.836343,1078.558717,1083.032023,1038.004333,-0.9537651333,-0.3859469,-0.2824526,-0.3623413667,-0.1511050333,15,7,6,7,4.666666667
285,1056.06081,1131.836343,1078.558717,1083.032023,1038.004333,-0.9499585333,-0.3848871333,-0.2814442,-0.3614885,-0.1507264667,15,7,6,7,4.666666667
286,1056.06081,1131.836343,1078.558717,1088.004393,1044.105407,-0.9463301667,-0.383793,-0.2804746667,-0.3605883333,-0.1503892333,15,7,6,7,4.666666667
287,1056.06081,1131.836343,1078.558717,1088.004393,1044.105407,-0.9427263333,-0.3827673333,-0.2794709,-0.3597234333,-0.1500490333,15,7,6,7,4.666666667
288,1056.06081,1131.836343,1078.558717,1088.004393,1044.105407,-0.9390845667,-0.3817284333,-0.2785107667,-0.3588799,-0.1497427667,15,7,6,7,4.666666667
289,1056.06081,1131.836343,1078.558717,1088.004393,1044.105407,-0.9355579667,-0.3806608333,-0.2776357667,-0.3580501667,-0.1494013,15,7,6,7,4.666666667
290,1056.06081,1131.836343,1078.558717,1088.004393,1044.105407,-0.9320724,-0.3796932,-0.2767644,-0.3572934,-0.1490498333,15,7,6,7,4.666666667
291,1056.06081,1131.836343,1078.558717,1088.004393,1044.105407,-0.9285776667,-0.3787362333,-0.2758330333,-0.3564951,-0.1487197667,15,7,6,7,4.666666667
292,1056.06081,1131.836343,1078.558717,1088.004393,1044.105407,-0.9251777333,-0.3777282667,-0.2748016,-0.355705,-0.1484266,15,7,6,7,4.666666667
293,1056.06081,1131.836343,1078.558717,1088.004393,1044.105407,-0.9217698667,-0.3767749,-0.2737635333,-0.3549435667,-0.1481728667,15,7,6,7,4.666666667
294,1056.06081,1131.836343,1078.558717,1088.004393,1044.105407,-0.9183692667,-0.3757899667,-0.2727154,-0.3540855667,-0.1478818,15,7,6,7,4.666666667
295,1056.06081,1131.836343,1078.558717,1088.004393,1044.105407,-0.9150377,-0.3748337,-0.2717086,-0.3531772,-0.1475506,15,7,6,7,4.666666667
296,1056.06081,1131.836343,1078.558717,1088.004393,1044.105407,-0.9116635667,-0.3739085333,-0.2706623,-0.3522605333,-0.1472154,15,7,6,7,4.666666667
297,1056.06081,1131.836343,1078.558717,1088.004393,1233.584657,-0.9082665,-0.3731046667,-0.2696371667,-0.3513942333,-0.1469171667,15,7,6,7,4.666666667
298,1056.06081,1131.836343,1078.558717,1088.004393,1233.584657,-0.9049315333,-0.3723537667,-0.2685423,-0.3505589333,-0.1466489333,15,7,6,7,4.666666667
299,1079.342103,1131.836343,1078.558717,1088.004393,1233.584657,-0.9016689333,-0.3717121,-0.2674321,-0.3498005333,-0.1464017333,15,7,6,7,4.666666667
300,1079.342103,1131.836343,1078.558717,1088.004393,1233.584657,-0.8983722667,-0.3710497333,-0.2662997,-0.3491097,-0.1462233,15,7,6,7,4.666666667